{"blocks":[{"type":"inline","id":"3859c9e8689a","properties":[],"hasRule":true,"nested":[{"type":"group","id":"9bc88a49a918","properties":["name","size","type","subtype","alignment"],"nested":[{"type":"inline","id":"eacbcb1868da","properties":[],"hasRule":false,"nested":[{"type":"heading","id":"38fac8fa5ac9","properties":["name"],"conditioned":true,"size":1},{"type":"inline","id":"eb89b80afa4a","properties":[],"hasRule":false,"nested":[{"type":"action","id":"7ba8f9baaa58","icon":"sword","callback":"try { InitiativeTracker.newEncounter({creatures: [monster]}); } catch(e) {}"},{"type":"action","id":"fb98593aab88","icon":"plus-with-circle","callback":"try { InitiativeTracker.addCreatures([monster]); } catch(e) {}"}]}]},{"type":"subheading","id":"29da7858ca8a","properties":["size","type","subtype","alignment"],"conditioned":true,"separator":", "}],"conditioned":true},{"type":"image","id":"6b8a0b8ad8ea","properties":["image"]}]},{"type":"group","id":"abfbfbeb6a9b","properties":["ac","hp","speed"],"nested":[{"type":"property","id":"090aab393af8","properties":["ac"],"display":"Armor Class","conditioned":true},{"type":"property","id":"8a481a4bd958","properties":["hp"],"fallback":"-","display":"Hit Points","markdown":true},{"type":"property","id":"da58cb5b7a9b","display":"Speed","properties":["speed"],"conditioned":true},{"type":"property","id":"391beb890a1b","properties":["initiative"],"fallback":"-","display":"Initiative","conditioned":true},{"type":"property","id":"7839e9ba7a4b","properties":["damage_reduction"],"fallback":"-","display":"Damage Reduction","conditioned":true}],"hasRule":true,"conditioned":true},{"type":"table","id":"a8e9bba8aa1b","properties":["stats"],"headers":["Str","Dex","Con","Int","Wis","Cha"],"calculate":true,"hasRule":true,"conditioned":true},{"type":"group","id":"4b7b7978eb39","properties":["saves","skillsaves","damage_immunities","damage_resistances","damage_vulnerabilities","condition_immunities","cr","languages","senses"],"nested":[{"type":"saves","id":"e8c94a3a8a78","display":"Saves","properties":["saves"],"conditioned":true},{"type":"saves","id":"d9db9869496b","display":"Skills","properties":["skillsaves"],"conditioned":true},{"type":"property","id":"fa7b2b2be869","display":"Damage Resistances","properties":["damage_resistances"],"conditioned":true},{"type":"property","id":"bb4bca7b09d9","display":"Damage Immunities","properties":["damage_immunities"],"conditioned":true},{"type":"property","id":"8939d8a8ba5a","display":"Condition Immunities","properties":["condition_immunities"],"conditioned":true},{"type":"property","id":"3b1a497bba5b","display":"Damage Vulnerabilities","properties":["damage_vulnerabilities"],"conditioned":true},{"type":"property","id":"e9691aabb98b","display":"Senses","properties":["senses"],"conditioned":true},{"type":"property","id":"98c809cb5949","display":"Languages","properties":["languages"],"fallback":"-"},{"type":"inline","id":"cbea7b785aea","properties":[],"conditioned":true,"nested":[{"type":"property","id":"b87b4849d848","display":"Challenge","properties":["cr"],"callback":"const CR = {\n    \"0\": {\n        cr: \"0\",\n        value: 0,\n        xp: 10\n    },\n    \"1/8\": {\n        cr: \"1/8\",\n        value: 0.125,\n        xp: 25\n    },\n    \"1/4\": {\n        cr: \"1/4\",\n\n        value: 0.25,\n        xp: 50\n    },\n    \"1/2\": {\n        cr: \"1/2\",\n        value: 0.5,\n        xp: 100\n    },\n    \"0.125\": {\n        cr: \"1/8\",\n        value: 0.125,\n        xp: 25\n    },\n    \"0.25\": {\n        cr: \"1/4\",\n\n        value: 0.25,\n        xp: 50\n    },\n    \"0.5\": {\n        cr: \"1/2\",\n        value: 0.5,\n        xp: 100\n    },\n    \"1\": {\n        cr: \"1\",\n        value: 1,\n        xp: 200\n    },\n    \"2\": {\n        cr: \"2\",\n        value: 2,\n        xp: 450\n    },\n    \"3\": {\n        cr: \"3\",\n        value: 3,\n        xp: 700\n    },\n    \"4\": {\n        cr: \"4\",\n        value: 4,\n        xp: 1100\n    },\n    \"5\": {\n        cr: \"5\",\n        value: 5,\n        xp: 1800\n    },\n    \"6\": {\n        cr: \"6\",\n        value: 6,\n        xp: 2300\n    },\n    \"7\": {\n        cr: \"7\",\n        value: 7,\n        xp: 2900\n    },\n    \"8\": {\n        cr: \"8\",\n        value: 8,\n        xp: 3900\n    },\n    \"9\": {\n        cr: \"9\",\n        value: 9,\n        xp: 5000\n    },\n    \"10\": {\n        cr: \"10\",\n        value: 10,\n        xp: 5900\n    },\n    \"11\": {\n        cr: \"11\",\n        value: 11,\n        xp: 7200\n    },\n    \"12\": {\n        cr: \"12\",\n        value: 12,\n        xp: 8400\n    },\n    \"13\": {\n        cr: \"13\",\n        value: 13,\n        xp: 10000\n    },\n    \"14\": {\n        cr: \"14\",\n        value: 14,\n        xp: 11500\n    },\n    \"15\": {\n        cr: \"15\",\n        value: 15,\n        xp: 13000\n    },\n    \"16\": {\n        cr: \"16\",\n        value: 16,\n        xp: 15000\n    },\n    \"17\": {\n        cr: \"17\",\n        value: 17,\n        xp: 18000\n    },\n    \"18\": {\n        cr: \"18\",\n        value: 18,\n        xp: 20000\n    },\n    \"19\": {\n        cr: \"19\",\n        value: 19,\n        xp: 22000\n    },\n    \"20\": {\n        cr: \"20\",\n        value: 20,\n        xp: 25000\n    },\n    \"21\": {\n        cr: \"21\",\n        value: 21,\n        xp: 33000\n    },\n    \"22\": {\n        cr: \"22\",\n        value: 22,\n        xp: 41000\n    },\n    \"23\": {\n        cr: \"23\",\n        value: 23,\n        xp: 50000\n    },\n    \"24\": {\n        cr: \"24\",\n        value: 24,\n        xp: 62000\n    },\n    \"25\": {\n        cr: \"25\",\n        value: 25,\n        xp: 75000\n    },\n    \"26\": {\n        cr: \"26\",\n        value: 26,\n        xp: 90000\n    },\n    \"27\": {\n        cr: \"27\",\n        value: 27,\n        xp: 105000\n    },\n    \"28\": {\n        cr: \"28\",\n        value: 28,\n        xp: 120000\n    },\n    \"29\": {\n        cr: \"29\",\n        value: 29,\n        xp: 135000\n    },\n    \"30\": {\n        cr: \"30\",\n        value: 30,\n        xp: 155000\n    }\n};                        \nif (\"cr\" in monster && monster.cr in CR) {\n    return `${CR[\n        monster.cr\n    ].cr} (${CR[\n        monster.cr\n    ].xp.toLocaleString()} XP)`;\n}\nreturn \"\";"}]}],"conditioned":true,"hasRule":true},{"type":"property","id":"7a78da68e909","properties":["description"],"fallback":"-","display":"Description","conditioned":true},{"type":"property","id":"5baa291b4919","properties":["combat_gear"],"fallback":"-","display":"Combat Gear","conditioned":true,"markdown":true},{"type":"traits","id":"8be9a92b68fb","properties":["traits"],"conditioned":true,"dice":true,"markdown":true},{"type":"traits","id":"f96b297bf96a","properties":["actions"],"heading":"Actions","conditioned":true,"dice":true},{"type":"spells","id":"d9baeaabe818","properties":["spells"],"conditioned":true,"dice":true},{"type":"text","id":"4b8a79b87838","properties":["spellsNotes"],"conditioned":true,"text":null},{"type":"traits","id":"894849b95968","properties":["combat_description"],"fallback":"-","heading":"Combat","conditioned":true}],"name":"Basic 3.5e Layout","id":"2a2ab8f8ba5a","diceParsing":[]}